node_id,name,source_of_authority,scope,mode_of_influence,dated_anchor,notes
VN-ROME,Abrahamic-interfaith (Rome Call),revealed/traditional,universal-aspirational,cultural diffusion + corporate & religious endorsement,"Rome Call 2020; eleven religions Hiroshima Jul 2024; Antiqua et Nova 28 Jan 2025",Corporate signatories IBM/Microsoft/Cisco/Qualcomm
VN-ISLAM,Islamic-civilizational,revealed/traditional (sharia/maqasid),civilizational,fatwa + forum + sovereign endorsement,Abu Dhabi Forum for Peace (bin Bayyah),Grounds Gulf-state AI ethics
VN-UNESCO,UNESCO-universal,universal-multilateral-consensus (193-194 states),universal,RAM + Ethical Impact Assessment + national-strategy alignment + 4-yearly reporting,"Adopted 24 Nov 2021; 3rd Global Forum Bangkok Jun 2025",EIA targets primarily private-sector (reaches actors/deployers)
VN-OECD,OECD / G7 (democracies-expert),expert-intergovernmental-consensus,OECD/democracies,principles + Hiroshima Code + HAIP voluntary reporting,"Adopted 2019, updated 2024; HAIP framework Feb 2025",Under Italy G7-2024 presidency
VN-COE,Council of Europe (rights-juridical),rights-juridical,trans-regional binding,ratification into binding law,"Framework Convention 17 May 2024; EU ratified 15 May 2026",The one vision that crystallizes into hard law
VN-IEEE,IEEE (engineering-ethics),professional-technical-consensus,sectoral (the profession),standards adoption,Ethically Aligned Design + IEEE 7000-series,Legitimacy from the profession not states
VN-GRAV,The three gravities,civilizational-political power,civilizational,regulatory gravity + market access,"Brussels (rights) / Washington (market+security) / Beijing (developmental-sovereigntist)",Refined not replaced by the legitimacy layer
VN-SAFE,AI-safety / longtermist,epistemic-foresight,universal-aspirational (thin institutional base),researcher commitment + community norms + lab self-binding,Seoul/Paris commitments; METR-12,Grounds the frontier-safety ecosystem
VN-SOUTH,Global South / developmental-justice,developmental-justice,trans-regional (Global South),coalition + development agenda,African Union Continental AI Strategy 2024,"'The risk that matters is exclusion, not extinction'"
